order_id,date,product,category,region,quantity,unit_price,unit_cost
ORD-0001,2026-01-29,Keyboard,Electronics,Nador,3,350,230
ORD-0002,2026-02-27,Winter Jacket,Clothing,Oujda,1,650,390
ORD-0003,2026-07-09,Keyboard,Electronics,Nador,5,350,230
ORD-0004,2026-01-09,Travel Mug,Home,Nador,1,120,45
ORD-0005,2026-03-01,Winter Jacket,Clothing,Nador,5,650,390
ORD-0006,2026-07-03,Winter Jacket,Clothing,Casablanca,2,650,390
ORD-0007,2026-05-31,Travel Mug,Home,Rabat,1,120,45
ORD-0008,2026-06-28,Winter Jacket,Clothing,Casablanca,3,650,390
ORD-0009,2026-02-09,Desk Lamp,Home,Oujda,3,220,110
ORD-0010,2026-01-24,Everyday Tee,Clothing,Casablanca,1,150,65
ORD-0011,2026-08-05,Desk Lamp,Home,Rabat,5,220,110
ORD-0012,2026-07-26,Desk Lamp,Home,Nador,4,220,110
ORD-0013,2026-02-01,Wireless Mouse,Electronics,Casablanca,1,180,100
ORD-0014,2026-03-17,Wireless Mouse,Electronics,Rabat,5,180,100
ORD-0015,2026-06-30,Winter Jacket,Clothing,Nador,1,650,390
ORD-0016,2026-02-28,Keyboard,Electronics,Rabat,1,350,230
ORD-0017,2026-08-10,Winter Jacket,Clothing,Nador,4,650,390
ORD-0018,2026-04-27,Desk Lamp,Home,Rabat,2,220,110
ORD-0019,2026-04-01,Desk Lamp,Home,Oujda,3,220,110
ORD-0020,2026-08-28,Keyboard,Electronics,Nador,5,350,230
ORD-0021,2026-02-13,Keyboard,Electronics,Oujda,2,350,230
ORD-0022,2026-04-08,Travel Mug,Home,Rabat,5,120,45
ORD-0023,2026-06-25,Winter Jacket,Clothing,Rabat,1,650,390
ORD-0024,2026-07-30,Winter Jacket,Clothing,Nador,3,650,390
ORD-0025,2026-03-10,Travel Mug,Home,Nador,2,120,45
ORD-0026,2026-08-13,Wireless Mouse,Electronics,Rabat,2,180,100
ORD-0027,2026-05-08,Keyboard,Electronics,Casablanca,4,350,230
ORD-0028,2026-03-09,Winter Jacket,Clothing,Oujda,2,650,390
ORD-0029,2026-05-24,Keyboard,Electronics,Rabat,5,350,230
ORD-0030,2026-08-18,Travel Mug,Home,Casablanca,3,120,45
ORD-0031,2026-02-05,Winter Jacket,Clothing,Casablanca,1,650,390
ORD-0032,2026-08-09,Everyday Tee,Clothing,Nador,2,150,65
ORD-0033,2026-02-10,Keyboard,Electronics,Casablanca,5,350,230
ORD-0034,2026-04-09,Everyday Tee,Clothing,Casablanca,5,150,65
ORD-0035,2026-05-16,Travel Mug,Home,Rabat,5,120,45
ORD-0036,2026-06-24,Everyday Tee,Clothing,Nador,5,150,65
ORD-0037,2026-07-16,Desk Lamp,Home,Rabat,1,220,110
ORD-0038,2026-04-22,Desk Lamp,Home,Oujda,4,220,110
ORD-0039,2026-07-04,Everyday Tee,Clothing,Rabat,5,150,65
ORD-0040,2026-05-10,Winter Jacket,Clothing,Nador,3,650,390
ORD-0041,2026-05-10,Keyboard,Electronics,Oujda,2,350,230
ORD-0042,2026-07-15,Desk Lamp,Home,Oujda,5,220,110
ORD-0043,2026-08-24,Wireless Mouse,Electronics,Nador,5,180,100
ORD-0044,2026-05-06,Desk Lamp,Home,Nador,1,220,110
ORD-0045,2026-08-13,Desk Lamp,Home,Rabat,2,220,110
ORD-0046,2026-03-03,Everyday Tee,Clothing,Nador,1,150,65
ORD-0047,2026-05-05,Keyboard,Electronics,Nador,5,350,230
ORD-0048,2026-02-02,Winter Jacket,Clothing,Casablanca,5,650,390
ORD-0049,2026-03-09,Winter Jacket,Clothing,Casablanca,2,650,390
ORD-0050,2026-07-13,Wireless Mouse,Electronics,Oujda,3,180,100
ORD-0051,2026-06-21,Travel Mug,Home,Rabat,4,120,45
ORD-0052,2026-04-26,Wireless Mouse,Electronics,Nador,2,180,100
ORD-0053,2026-01-17,Winter Jacket,Clothing,Rabat,1,650,390
ORD-0054,2026-05-22,Wireless Mouse,Electronics,Oujda,5,180,100
ORD-0055,2026-01-02,Winter Jacket,Clothing,Nador,1,650,390
ORD-0056,2026-01-18,Winter Jacket,Clothing,Nador,3,650,390
ORD-0057,2026-05-12,Everyday Tee,Clothing,Oujda,3,150,65
ORD-0058,2026-05-05,Keyboard,Electronics,Oujda,5,350,230
ORD-0059,2026-07-05,Winter Jacket,Clothing,Casablanca,2,650,390
ORD-0060,2026-07-26,Travel Mug,Home,Casablanca,2,120,45
ORD-0061,2026-01-25,Everyday Tee,Clothing,Casablanca,3,150,65
ORD-0062,2026-04-16,Travel Mug,Home,Casablanca,1,120,45
ORD-0063,2026-06-17,Keyboard,Electronics,Nador,1,350,230
ORD-0064,2026-07-06,Travel Mug,Home,Rabat,1,120,45
ORD-0065,2026-02-19,Winter Jacket,Clothing,Oujda,5,650,390
ORD-0066,2026-02-05,Travel Mug,Home,Casablanca,2,120,45
ORD-0067,2026-04-29,Desk Lamp,Home,Oujda,1,220,110
ORD-0068,2026-07-26,Travel Mug,Home,Nador,1,120,45
ORD-0069,2026-05-19,Keyboard,Electronics,Nador,1,350,230
ORD-0070,2026-02-12,Winter Jacket,Clothing,Casablanca,4,650,390
ORD-0071,2026-02-24,Travel Mug,Home,Casablanca,1,120,45
ORD-0072,2026-04-08,Winter Jacket,Clothing,Nador,4,650,390
ORD-0073,2026-08-26,Desk Lamp,Home,Casablanca,3,220,110
ORD-0074,2026-06-28,Travel Mug,Home,Casablanca,2,120,45
ORD-0075,2026-03-17,Winter Jacket,Clothing,Oujda,1,650,390
ORD-0076,2026-07-08,Wireless Mouse,Electronics,Nador,3,180,100
ORD-0077,2026-01-13,Everyday Tee,Clothing,Casablanca,5,150,65
ORD-0078,2026-02-10,Wireless Mouse,Electronics,Nador,5,180,100
ORD-0079,2026-08-06,Everyday Tee,Clothing,Oujda,1,150,65
ORD-0080,2026-01-18,Wireless Mouse,Electronics,Oujda,4,180,100
ORD-0081,2026-08-30,Everyday Tee,Clothing,Oujda,5,150,65
ORD-0082,2026-01-11,Wireless Mouse,Electronics,Nador,4,180,100
ORD-0083,2026-05-30,Keyboard,Electronics,Rabat,3,350,230
ORD-0084,2026-06-21,Winter Jacket,Clothing,Rabat,2,650,390
ORD-0085,2026-04-12,Desk Lamp,Home,Oujda,3,220,110
ORD-0086,2026-03-22,Travel Mug,Home,Nador,1,120,45
ORD-0087,2026-06-09,Travel Mug,Home,Nador,1,120,45
ORD-0088,2026-02-24,Wireless Mouse,Electronics,Rabat,2,180,100
ORD-0089,2026-08-14,Desk Lamp,Home,Nador,2,220,110
ORD-0090,2026-03-14,Desk Lamp,Home,Oujda,4,220,110
ORD-0091,2026-06-30,Wireless Mouse,Electronics,Rabat,5,180,100
ORD-0092,2026-05-16,Keyboard,Electronics,Nador,5,350,230
ORD-0093,2026-08-27,Desk Lamp,Home,Nador,2,220,110
ORD-0094,2026-01-30,Desk Lamp,Home,Nador,5,220,110
ORD-0095,2026-03-11,Winter Jacket,Clothing,Rabat,5,650,390
ORD-0096,2026-07-03,Winter Jacket,Clothing,Rabat,2,650,390
ORD-0097,2026-06-12,Keyboard,Electronics,Rabat,5,350,230
ORD-0098,2026-03-06,Travel Mug,Home,Nador,1,120,45
ORD-0099,2026-04-19,Keyboard,Electronics,Rabat,1,350,230
ORD-0100,2026-03-27,Everyday Tee,Clothing,Oujda,3,150,65
ORD-0101,2026-07-09,Winter Jacket,Clothing,Casablanca,5,650,390
ORD-0102,2026-04-20,Keyboard,Electronics,Nador,1,350,230
ORD-0103,2026-08-30,Everyday Tee,Clothing,Oujda,5,150,65
ORD-0104,2026-08-02,Everyday Tee,Clothing,Rabat,5,150,65
ORD-0105,2026-02-07,Wireless Mouse,Electronics,Casablanca,2,180,100
ORD-0106,2026-03-20,Everyday Tee,Clothing,Rabat,1,150,65
ORD-0107,2026-02-23,Desk Lamp,Home,Oujda,1,220,110
ORD-0108,2026-07-19,Desk Lamp,Home,Casablanca,5,220,110
ORD-0109,2026-02-09,Keyboard,Electronics,Oujda,2,350,230
ORD-0110,2026-08-14,Winter Jacket,Clothing,Casablanca,1,650,390
ORD-0111,2026-07-08,Winter Jacket,Clothing,Rabat,4,650,390
ORD-0112,2026-08-10,Keyboard,Electronics,Oujda,3,350,230
ORD-0113,2026-07-21,Winter Jacket,Clothing,Nador,4,650,390
ORD-0114,2026-08-08,Everyday Tee,Clothing,Casablanca,2,150,65
ORD-0115,2026-07-29,Winter Jacket,Clothing,Casablanca,3,650,390
ORD-0116,2026-07-30,Desk Lamp,Home,Oujda,2,220,110
ORD-0117,2026-06-18,Everyday Tee,Clothing,Oujda,4,150,65
ORD-0118,2026-03-13,Desk Lamp,Home,Nador,3,220,110
ORD-0119,2026-06-14,Desk Lamp,Home,Casablanca,5,220,110
ORD-0120,2026-08-29,Desk Lamp,Home,Nador,1,220,110
ORD-0121,2026-02-15,Desk Lamp,Home,Rabat,1,220,110
ORD-0122,2026-06-02,Everyday Tee,Clothing,Casablanca,3,150,65
ORD-0123,2026-07-21,Keyboard,Electronics,Rabat,4,350,230
ORD-0124,2026-05-11,Wireless Mouse,Electronics,Nador,4,180,100
ORD-0125,2026-02-18,Wireless Mouse,Electronics,Rabat,1,180,100
ORD-0126,2026-04-22,Keyboard,Electronics,Nador,5,350,230
ORD-0127,2026-06-25,Wireless Mouse,Electronics,Oujda,3,180,100
ORD-0128,2026-01-18,Travel Mug,Home,Rabat,5,120,45
ORD-0129,2026-06-19,Desk Lamp,Home,Nador,3,220,110
ORD-0130,2026-03-21,Wireless Mouse,Electronics,Casablanca,3,180,100
ORD-0131,2026-06-28,Travel Mug,Home,Rabat,5,120,45
ORD-0132,2026-02-19,Winter Jacket,Clothing,Casablanca,4,650,390
ORD-0133,2026-07-11,Keyboard,Electronics,Oujda,5,350,230
ORD-0134,2026-03-19,Wireless Mouse,Electronics,Casablanca,5,180,100
ORD-0135,2026-03-19,Everyday Tee,Clothing,Rabat,2,150,65
ORD-0136,2026-07-21,Travel Mug,Home,Rabat,4,120,45
ORD-0137,2026-04-24,Travel Mug,Home,Oujda,5,120,45
ORD-0138,2026-07-23,Travel Mug,Home,Oujda,1,120,45
ORD-0139,2026-05-12,Desk Lamp,Home,Rabat,1,220,110
ORD-0140,2026-06-22,Winter Jacket,Clothing,Rabat,2,650,390
ORD-0141,2026-02-07,Winter Jacket,Clothing,Nador,1,650,390
ORD-0142,2026-05-02,Winter Jacket,Clothing,Nador,4,650,390
ORD-0143,2026-08-15,Travel Mug,Home,Oujda,4,120,45
ORD-0144,2026-04-13,Travel Mug,Home,Oujda,2,120,45
ORD-0145,2026-06-26,Keyboard,Electronics,Nador,1,350,230
ORD-0146,2026-02-26,Travel Mug,Home,Oujda,5,120,45
ORD-0147,2026-01-13,Travel Mug,Home,Oujda,1,120,45
ORD-0148,2026-02-04,Travel Mug,Home,Casablanca,5,120,45
ORD-0149,2026-06-02,Wireless Mouse,Electronics,Rabat,4,180,100
ORD-0150,2026-07-28,Wireless Mouse,Electronics,Casablanca,5,180,100
ORD-0151,2026-08-18,Travel Mug,Home,Oujda,4,120,45
ORD-0152,2026-03-08,Travel Mug,Home,Oujda,3,120,45
ORD-0153,2026-05-05,Wireless Mouse,Electronics,Oujda,3,180,100
ORD-0154,2026-01-20,Travel Mug,Home,Rabat,2,120,45
ORD-0155,2026-03-27,Desk Lamp,Home,Rabat,5,220,110
ORD-0156,2026-02-05,Everyday Tee,Clothing,Oujda,2,150,65
ORD-0157,2026-06-27,Travel Mug,Home,Oujda,2,120,45
ORD-0158,2026-04-17,Everyday Tee,Clothing,Casablanca,3,150,65
ORD-0159,2026-04-30,Wireless Mouse,Electronics,Casablanca,1,180,100
ORD-0160,2026-08-02,Winter Jacket,Clothing,Casablanca,4,650,390
ORD-0161,2026-08-31,Wireless Mouse,Electronics,Nador,5,180,100
ORD-0162,2026-05-03,Travel Mug,Home,Nador,3,120,45
ORD-0163,2026-07-12,Desk Lamp,Home,Casablanca,4,220,110
ORD-0164,2026-07-11,Wireless Mouse,Electronics,Oujda,4,180,100
ORD-0165,2026-03-11,Winter Jacket,Clothing,Casablanca,4,650,390
ORD-0166,2026-04-10,Everyday Tee,Clothing,Rabat,4,150,65
ORD-0167,2026-02-12,Keyboard,Electronics,Casablanca,2,350,230
ORD-0168,2026-05-17,Wireless Mouse,Electronics,Nador,4,180,100
ORD-0169,2026-05-25,Wireless Mouse,Electronics,Nador,1,180,100
ORD-0170,2026-04-20,Keyboard,Electronics,Oujda,4,350,230
ORD-0171,2026-01-13,Winter Jacket,Clothing,Rabat,4,650,390
ORD-0172,2026-02-24,Desk Lamp,Home,Casablanca,3,220,110
ORD-0173,2026-07-14,Desk Lamp,Home,Casablanca,3,220,110
ORD-0174,2026-03-06,Travel Mug,Home,Nador,4,120,45
ORD-0175,2026-07-11,Everyday Tee,Clothing,Nador,3,150,65
ORD-0176,2026-06-16,Winter Jacket,Clothing,Nador,1,650,390
ORD-0177,2026-03-05,Everyday Tee,Clothing,Oujda,1,150,65
ORD-0178,2026-02-09,Wireless Mouse,Electronics,Oujda,2,180,100
ORD-0179,2026-06-21,Travel Mug,Home,Nador,5,120,45
ORD-0180,2026-04-30,Winter Jacket,Clothing,Rabat,3,650,390
ORD-0181,2026-06-05,Winter Jacket,Clothing,Nador,2,650,390
ORD-0182,2026-01-28,Desk Lamp,Home,Nador,3,220,110
ORD-0183,2026-06-23,Wireless Mouse,Electronics,Casablanca,4,180,100
ORD-0184,2026-02-20,Keyboard,Electronics,Nador,5,350,230
ORD-0185,2026-08-01,Keyboard,Electronics,Oujda,1,350,230
ORD-0186,2026-07-17,Keyboard,Electronics,Rabat,5,350,230
ORD-0187,2026-07-23,Everyday Tee,Clothing,Nador,3,150,65
ORD-0188,2026-04-20,Wireless Mouse,Electronics,Rabat,1,180,100
ORD-0189,2026-06-15,Wireless Mouse,Electronics,Rabat,1,180,100
ORD-0190,2026-07-30,Travel Mug,Home,Casablanca,1,120,45
ORD-0191,2026-04-03,Travel Mug,Home,Casablanca,2,120,45
ORD-0192,2026-02-15,Travel Mug,Home,Rabat,5,120,45
ORD-0193,2026-07-18,Wireless Mouse,Electronics,Casablanca,4,180,100
ORD-0194,2026-07-31,Travel Mug,Home,Rabat,3,120,45
ORD-0195,2026-08-01,Winter Jacket,Clothing,Nador,3,650,390
ORD-0196,2026-03-04,Travel Mug,Home,Casablanca,5,120,45
ORD-0197,2026-06-21,Wireless Mouse,Electronics,Casablanca,3,180,100
ORD-0198,2026-05-07,Everyday Tee,Clothing,Rabat,2,150,65
ORD-0199,2026-02-24,Travel Mug,Home,Rabat,3,120,45
ORD-0200,2026-03-13,Desk Lamp,Home,Rabat,5,220,110
ORD-0201,2026-05-13,Everyday Tee,Clothing,Oujda,1,150,65
ORD-0202,2026-07-04,Winter Jacket,Clothing,Casablanca,4,650,390
ORD-0203,2026-07-14,Wireless Mouse,Electronics,Oujda,4,180,100
ORD-0204,2026-07-02,Keyboard,Electronics,Casablanca,4,350,230
ORD-0205,2026-01-24,Everyday Tee,Clothing,Rabat,2,150,65
ORD-0206,2026-06-27,Travel Mug,Home,Oujda,3,120,45
ORD-0207,2026-05-29,Keyboard,Electronics,Rabat,4,350,230
ORD-0208,2026-05-16,Wireless Mouse,Electronics,Rabat,4,180,100
ORD-0209,2026-05-21,Keyboard,Electronics,Rabat,3,350,230
ORD-0210,2026-04-27,Keyboard,Electronics,Rabat,3,350,230
ORD-0211,2026-03-01,Desk Lamp,Home,Nador,2,220,110
ORD-0212,2026-01-31,Desk Lamp,Home,Oujda,2,220,110
ORD-0213,2026-07-09,Winter Jacket,Clothing,Casablanca,3,650,390
ORD-0214,2026-05-31,Keyboard,Electronics,Rabat,1,350,230
ORD-0215,2026-03-17,Winter Jacket,Clothing,Oujda,3,650,390
ORD-0216,2026-03-19,Winter Jacket,Clothing,Nador,5,650,390
ORD-0217,2026-03-12,Winter Jacket,Clothing,Nador,1,650,390
ORD-0218,2026-03-16,Wireless Mouse,Electronics,Oujda,4,180,100
ORD-0219,2026-08-12,Everyday Tee,Clothing,Nador,5,150,65
ORD-0220,2026-05-01,Desk Lamp,Home,Casablanca,4,220,110
ORD-0221,2026-02-17,Desk Lamp,Home,Nador,3,220,110
ORD-0222,2026-01-30,Travel Mug,Home,Nador,4,120,45
ORD-0223,2026-01-19,Travel Mug,Home,Nador,2,120,45
ORD-0224,2026-07-27,Winter Jacket,Clothing,Rabat,1,650,390
ORD-0225,2026-01-31,Winter Jacket,Clothing,Casablanca,5,650,390
ORD-0226,2026-07-22,Wireless Mouse,Electronics,Oujda,5,180,100
ORD-0227,2026-04-26,Travel Mug,Home,Casablanca,3,120,45
ORD-0228,2026-04-20,Wireless Mouse,Electronics,Rabat,5,180,100
ORD-0229,2026-01-16,Wireless Mouse,Electronics,Nador,2,180,100
ORD-0230,2026-02-24,Keyboard,Electronics,Rabat,1,350,230
ORD-0231,2026-03-03,Winter Jacket,Clothing,Oujda,5,650,390
ORD-0232,2026-02-10,Everyday Tee,Clothing,Nador,4,150,65
ORD-0233,2026-06-26,Travel Mug,Home,Casablanca,3,120,45
ORD-0234,2026-03-01,Everyday Tee,Clothing,Rabat,3,150,65
ORD-0235,2026-08-09,Keyboard,Electronics,Casablanca,1,350,230
ORD-0236,2026-03-01,Keyboard,Electronics,Rabat,5,350,230
ORD-0237,2026-07-25,Keyboard,Electronics,Oujda,4,350,230
ORD-0238,2026-05-20,Everyday Tee,Clothing,Oujda,2,150,65
ORD-0239,2026-07-31,Desk Lamp,Home,Oujda,1,220,110
ORD-0240,2026-02-12,Everyday Tee,Clothing,Rabat,5,150,65
ORD-0241,2026-07-31,Keyboard,Electronics,Rabat,4,350,230
ORD-0242,2026-04-30,Everyday Tee,Clothing,Rabat,4,150,65
ORD-0243,2026-05-09,Desk Lamp,Home,Casablanca,4,220,110
ORD-0244,2026-06-03,Everyday Tee,Clothing,Nador,4,150,65
ORD-0245,2026-03-24,Keyboard,Electronics,Rabat,1,350,230
ORD-0246,2026-02-28,Everyday Tee,Clothing,Nador,3,150,65
ORD-0247,2026-01-11,Wireless Mouse,Electronics,Oujda,4,180,100
ORD-0248,2026-06-16,Wireless Mouse,Electronics,Casablanca,3,180,100
ORD-0249,2026-05-30,Winter Jacket,Clothing,Casablanca,4,650,390
ORD-0250,2026-05-01,Everyday Tee,Clothing,Rabat,4,150,65
ORD-0251,2026-03-24,Desk Lamp,Home,Nador,2,220,110
ORD-0252,2026-04-16,Desk Lamp,Home,Casablanca,3,220,110
ORD-0253,2026-08-30,Keyboard,Electronics,Casablanca,5,350,230
ORD-0254,2026-04-27,Everyday Tee,Clothing,Nador,3,150,65
ORD-0255,2026-03-24,Desk Lamp,Home,Nador,4,220,110
ORD-0256,2026-07-31,Wireless Mouse,Electronics,Nador,5,180,100
ORD-0257,2026-04-16,Travel Mug,Home,Nador,2,120,45
ORD-0258,2026-04-03,Wireless Mouse,Electronics,Casablanca,4,180,100
ORD-0259,2026-02-22,Everyday Tee,Clothing,Rabat,5,150,65
ORD-0260,2026-08-26,Winter Jacket,Clothing,Rabat,4,650,390
ORD-0261,2026-05-05,Keyboard,Electronics,Nador,1,350,230
ORD-0262,2026-06-05,Keyboard,Electronics,Oujda,2,350,230
ORD-0263,2026-05-22,Desk Lamp,Home,Nador,5,220,110
ORD-0264,2026-01-24,Travel Mug,Home,Oujda,1,120,45
ORD-0265,2026-08-31,Travel Mug,Home,Nador,2,120,45
ORD-0266,2026-08-27,Travel Mug,Home,Rabat,5,120,45
ORD-0267,2026-03-11,Keyboard,Electronics,Casablanca,4,350,230
ORD-0268,2026-03-04,Travel Mug,Home,Casablanca,5,120,45
ORD-0269,2026-04-09,Winter Jacket,Clothing,Oujda,5,650,390
ORD-0270,2026-07-11,Wireless Mouse,Electronics,Oujda,1,180,100
ORD-0271,2026-07-17,Desk Lamp,Home,Casablanca,3,220,110
ORD-0272,2026-03-10,Wireless Mouse,Electronics,Nador,3,180,100
ORD-0273,2026-03-18,Keyboard,Electronics,Casablanca,2,350,230
ORD-0274,2026-05-18,Travel Mug,Home,Casablanca,3,120,45
ORD-0275,2026-05-22,Desk Lamp,Home,Casablanca,4,220,110
ORD-0276,2026-08-11,Desk Lamp,Home,Oujda,2,220,110
ORD-0277,2026-04-09,Wireless Mouse,Electronics,Oujda,4,180,100
ORD-0278,2026-03-23,Everyday Tee,Clothing,Casablanca,4,150,65
ORD-0279,2026-06-19,Travel Mug,Home,Oujda,4,120,45
ORD-0280,2026-02-02,Everyday Tee,Clothing,Rabat,1,150,65
ORD-0281,2026-01-26,Travel Mug,Home,Casablanca,1,120,45
ORD-0282,2026-02-06,Keyboard,Electronics,Casablanca,2,350,230
ORD-0283,2026-05-01,Everyday Tee,Clothing,Rabat,3,150,65
ORD-0284,2026-06-27,Wireless Mouse,Electronics,Casablanca,1,180,100
ORD-0285,2026-08-07,Desk Lamp,Home,Casablanca,3,220,110
ORD-0286,2026-07-03,Keyboard,Electronics,Casablanca,5,350,230
ORD-0287,2026-06-08,Everyday Tee,Clothing,Nador,2,150,65
ORD-0288,2026-06-25,Keyboard,Electronics,Rabat,2,350,230
ORD-0289,2026-01-24,Keyboard,Electronics,Casablanca,1,350,230
ORD-0290,2026-06-30,Keyboard,Electronics,Nador,4,350,230
ORD-0291,2026-06-27,Winter Jacket,Clothing,Rabat,1,650,390
ORD-0292,2026-03-25,Everyday Tee,Clothing,Nador,3,150,65
ORD-0293,2026-04-06,Desk Lamp,Home,Casablanca,2,220,110
ORD-0294,2026-05-16,Winter Jacket,Clothing,Casablanca,5,650,390
ORD-0295,2026-07-22,Keyboard,Electronics,Oujda,2,350,230
ORD-0296,2026-01-21,Winter Jacket,Clothing,Casablanca,5,650,390
ORD-0297,2026-03-03,Keyboard,Electronics,Casablanca,5,350,230
ORD-0298,2026-03-01,Winter Jacket,Clothing,Casablanca,3,650,390
ORD-0299,2026-03-07,Travel Mug,Home,Nador,4,120,45
ORD-0300,2026-06-23,Desk Lamp,Home,Oujda,1,220,110
ORD-0301,2026-08-30,Travel Mug,Home,Rabat,5,120,45
ORD-0302,2026-06-13,Desk Lamp,Home,Casablanca,3,220,110
ORD-0303,2026-08-05,Travel Mug,Home,Rabat,2,120,45
ORD-0304,2026-08-07,Travel Mug,Home,Casablanca,1,120,45
ORD-0305,2026-04-08,Winter Jacket,Clothing,Rabat,5,650,390
ORD-0306,2026-06-29,Desk Lamp,Home,Rabat,1,220,110
ORD-0307,2026-04-12,Keyboard,Electronics,Rabat,1,350,230
ORD-0308,2026-08-10,Wireless Mouse,Electronics,Nador,5,180,100
ORD-0309,2026-05-08,Keyboard,Electronics,Rabat,2,350,230
ORD-0310,2026-07-25,Wireless Mouse,Electronics,Rabat,2,180,100
ORD-0311,2026-02-18,Keyboard,Electronics,Rabat,2,350,230
ORD-0312,2026-01-25,Keyboard,Electronics,Nador,3,350,230
ORD-0313,2026-01-09,Travel Mug,Home,Rabat,2,120,45
ORD-0314,2026-08-21,Everyday Tee,Clothing,Rabat,3,150,65
ORD-0315,2026-04-17,Keyboard,Electronics,Oujda,2,350,230
ORD-0316,2026-07-21,Winter Jacket,Clothing,Rabat,5,650,390
ORD-0317,2026-08-22,Wireless Mouse,Electronics,Rabat,2,180,100
ORD-0318,2026-08-22,Desk Lamp,Home,Casablanca,3,220,110
ORD-0319,2026-08-11,Keyboard,Electronics,Rabat,1,350,230
ORD-0320,2026-01-20,Travel Mug,Home,Oujda,2,120,45
ORD-0321,2026-07-05,Keyboard,Electronics,Casablanca,5,350,230
ORD-0322,2026-01-24,Desk Lamp,Home,Casablanca,1,220,110
ORD-0323,2026-05-18,Desk Lamp,Home,Nador,4,220,110
ORD-0324,2026-06-22,Desk Lamp,Home,Rabat,5,220,110
ORD-0325,2026-07-30,Travel Mug,Home,Rabat,1,120,45
ORD-0326,2026-03-01,Keyboard,Electronics,Casablanca,1,350,230
ORD-0327,2026-08-15,Wireless Mouse,Electronics,Rabat,5,180,100
ORD-0328,2026-06-15,Winter Jacket,Clothing,Nador,4,650,390
ORD-0329,2026-03-19,Keyboard,Electronics,Casablanca,1,350,230
ORD-0330,2026-01-12,Winter Jacket,Clothing,Nador,3,650,390
ORD-0331,2026-01-30,Travel Mug,Home,Nador,2,120,45
ORD-0332,2026-02-04,Wireless Mouse,Electronics,Casablanca,4,180,100
ORD-0333,2026-06-21,Desk Lamp,Home,Casablanca,5,220,110
ORD-0334,2026-07-06,Keyboard,Electronics,Oujda,4,350,230
ORD-0335,2026-01-26,Keyboard,Electronics,Casablanca,5,350,230
ORD-0336,2026-08-29,Travel Mug,Home,Rabat,1,120,45
ORD-0337,2026-04-05,Keyboard,Electronics,Oujda,4,350,230
ORD-0338,2026-03-02,Travel Mug,Home,Rabat,1,120,45
ORD-0339,2026-04-05,Keyboard,Electronics,Rabat,1,350,230
ORD-0340,2026-03-12,Travel Mug,Home,Oujda,1,120,45
ORD-0341,2026-01-24,Travel Mug,Home,Oujda,5,120,45
ORD-0342,2026-01-13,Everyday Tee,Clothing,Rabat,2,150,65
ORD-0343,2026-07-21,Winter Jacket,Clothing,Oujda,1,650,390
ORD-0344,2026-02-23,Wireless Mouse,Electronics,Oujda,2,180,100
ORD-0345,2026-07-18,Desk Lamp,Home,Oujda,5,220,110
ORD-0346,2026-03-12,Everyday Tee,Clothing,Oujda,2,150,65
ORD-0347,2026-03-06,Wireless Mouse,Electronics,Oujda,1,180,100
ORD-0348,2026-08-10,Keyboard,Electronics,Nador,2,350,230
ORD-0349,2026-04-02,Everyday Tee,Clothing,Oujda,5,150,65
ORD-0350,2026-01-05,Desk Lamp,Home,Oujda,3,220,110
ORD-0351,2026-02-02,Everyday Tee,Clothing,Casablanca,5,150,65
ORD-0352,2026-07-10,Everyday Tee,Clothing,Nador,4,150,65
ORD-0353,2026-07-19,Travel Mug,Home,Rabat,5,120,45
ORD-0354,2026-01-28,Wireless Mouse,Electronics,Casablanca,5,180,100
ORD-0355,2026-08-31,Winter Jacket,Clothing,Nador,5,650,390
ORD-0356,2026-04-28,Desk Lamp,Home,Nador,1,220,110
ORD-0357,2026-08-05,Travel Mug,Home,Casablanca,4,120,45
ORD-0358,2026-01-28,Keyboard,Electronics,Casablanca,4,350,230
ORD-0359,2026-08-19,Everyday Tee,Clothing,Nador,3,150,65
ORD-0360,2026-02-07,Wireless Mouse,Electronics,Nador,2,180,100
ORD-0361,2026-06-09,Desk Lamp,Home,Rabat,4,220,110
ORD-0362,2026-05-16,Wireless Mouse,Electronics,Rabat,4,180,100
ORD-0363,2026-06-04,Wireless Mouse,Electronics,Casablanca,1,180,100
ORD-0364,2026-01-30,Keyboard,Electronics,Oujda,4,350,230
ORD-0365,2026-08-16,Travel Mug,Home,Oujda,4,120,45
ORD-0366,2026-07-31,Desk Lamp,Home,Casablanca,4,220,110
ORD-0367,2026-07-06,Travel Mug,Home,Nador,3,120,45
ORD-0368,2026-03-22,Travel Mug,Home,Rabat,3,120,45
ORD-0369,2026-06-25,Winter Jacket,Clothing,Casablanca,1,650,390
ORD-0370,2026-08-01,Everyday Tee,Clothing,Nador,1,150,65
ORD-0371,2026-01-25,Travel Mug,Home,Rabat,2,120,45
ORD-0372,2026-01-16,Wireless Mouse,Electronics,Rabat,1,180,100
ORD-0373,2026-04-01,Travel Mug,Home,Casablanca,1,120,45
ORD-0374,2026-06-03,Desk Lamp,Home,Rabat,3,220,110
ORD-0375,2026-05-28,Everyday Tee,Clothing,Oujda,2,150,65
ORD-0376,2026-05-04,Keyboard,Electronics,Oujda,1,350,230
ORD-0377,2026-08-05,Desk Lamp,Home,Rabat,1,220,110
ORD-0378,2026-05-27,Desk Lamp,Home,Oujda,4,220,110
ORD-0379,2026-07-16,Wireless Mouse,Electronics,Nador,5,180,100
ORD-0380,2026-08-01,Keyboard,Electronics,Rabat,1,350,230
ORD-0381,2026-03-11,Winter Jacket,Clothing,Rabat,3,650,390
ORD-0382,2026-01-02,Desk Lamp,Home,Oujda,2,220,110
ORD-0383,2026-06-18,Wireless Mouse,Electronics,Casablanca,1,180,100
ORD-0384,2026-07-09,Winter Jacket,Clothing,Nador,1,650,390
ORD-0385,2026-05-16,Keyboard,Electronics,Oujda,4,350,230
ORD-0386,2026-04-27,Travel Mug,Home,Rabat,2,120,45
ORD-0387,2026-03-21,Desk Lamp,Home,Rabat,5,220,110
ORD-0388,2026-01-22,Wireless Mouse,Electronics,Nador,2,180,100
ORD-0389,2026-07-13,Winter Jacket,Clothing,Nador,1,650,390
ORD-0390,2026-04-24,Desk Lamp,Home,Casablanca,4,220,110
ORD-0391,2026-04-24,Wireless Mouse,Electronics,Casablanca,3,180,100
ORD-0392,2026-07-13,Winter Jacket,Clothing,Nador,3,650,390
ORD-0393,2026-01-29,Travel Mug,Home,Rabat,5,120,45
ORD-0394,2026-05-15,Travel Mug,Home,Rabat,1,120,45
ORD-0395,2026-04-12,Winter Jacket,Clothing,Nador,1,650,390
ORD-0396,2026-03-19,Winter Jacket,Clothing,Oujda,2,650,390
ORD-0397,2026-03-16,Desk Lamp,Home,Rabat,1,220,110
ORD-0398,2026-05-08,Everyday Tee,Clothing,Casablanca,2,150,65
ORD-0399,2026-04-08,Winter Jacket,Clothing,Oujda,5,650,390
ORD-0400,2026-08-02,Wireless Mouse,Electronics,Rabat,1,180,100
ORD-0401,2026-08-09,Travel Mug,Home,Nador,4,120,45
ORD-0402,2026-04-28,Everyday Tee,Clothing,Nador,3,150,65
ORD-0403,2026-04-20,Wireless Mouse,Electronics,Casablanca,4,180,100
ORD-0404,2026-01-30,Desk Lamp,Home,Casablanca,1,220,110
ORD-0405,2026-02-13,Desk Lamp,Home,Casablanca,3,220,110
ORD-0406,2026-04-22,Everyday Tee,Clothing,Nador,2,150,65
ORD-0407,2026-05-31,Travel Mug,Home,Casablanca,5,120,45
ORD-0408,2026-04-12,Everyday Tee,Clothing,Rabat,3,150,65
ORD-0409,2026-03-27,Winter Jacket,Clothing,Oujda,1,650,390
ORD-0410,2026-06-12,Wireless Mouse,Electronics,Nador,5,180,100
ORD-0411,2026-02-19,Wireless Mouse,Electronics,Rabat,3,180,100
ORD-0412,2026-07-29,Keyboard,Electronics,Oujda,2,350,230
ORD-0413,2026-02-07,Everyday Tee,Clothing,Rabat,2,150,65
ORD-0414,2026-06-04,Winter Jacket,Clothing,Oujda,1,650,390
ORD-0415,2026-07-17,Winter Jacket,Clothing,Casablanca,4,650,390
ORD-0416,2026-07-14,Wireless Mouse,Electronics,Casablanca,5,180,100
ORD-0417,2026-06-12,Keyboard,Electronics,Rabat,3,350,230
ORD-0418,2026-04-23,Winter Jacket,Clothing,Nador,4,650,390
ORD-0419,2026-06-11,Travel Mug,Home,Rabat,3,120,45
ORD-0420,2026-01-15,Wireless Mouse,Electronics,Rabat,5,180,100
ORD-0421,2026-03-21,Everyday Tee,Clothing,Casablanca,4,150,65
ORD-0422,2026-01-15,Everyday Tee,Clothing,Rabat,3,150,65
ORD-0423,2026-06-15,Everyday Tee,Clothing,Nador,5,150,65
ORD-0424,2026-05-10,Wireless Mouse,Electronics,Casablanca,4,180,100
ORD-0425,2026-05-22,Wireless Mouse,Electronics,Nador,4,180,100
ORD-0426,2026-06-16,Wireless Mouse,Electronics,Oujda,3,180,100
ORD-0427,2026-05-02,Wireless Mouse,Electronics,Oujda,1,180,100
ORD-0428,2026-01-27,Travel Mug,Home,Rabat,1,120,45
ORD-0429,2026-06-15,Wireless Mouse,Electronics,Oujda,1,180,100
ORD-0430,2026-07-01,Winter Jacket,Clothing,Casablanca,4,650,390
ORD-0431,2026-05-14,Wireless Mouse,Electronics,Oujda,3,180,100
ORD-0432,2026-08-23,Desk Lamp,Home,Rabat,4,220,110
ORD-0433,2026-07-18,Travel Mug,Home,Rabat,5,120,45
ORD-0434,2026-07-22,Everyday Tee,Clothing,Rabat,1,150,65
ORD-0435,2026-01-25,Desk Lamp,Home,Casablanca,3,220,110
ORD-0436,2026-07-05,Desk Lamp,Home,Oujda,3,220,110
ORD-0437,2026-05-30,Everyday Tee,Clothing,Oujda,3,150,65
ORD-0438,2026-06-17,Desk Lamp,Home,Casablanca,2,220,110
ORD-0439,2026-07-01,Wireless Mouse,Electronics,Nador,3,180,100
ORD-0440,2026-04-07,Wireless Mouse,Electronics,Rabat,2,180,100
ORD-0441,2026-06-29,Keyboard,Electronics,Nador,4,350,230
ORD-0442,2026-04-03,Wireless Mouse,Electronics,Nador,3,180,100
ORD-0443,2026-02-16,Desk Lamp,Home,Oujda,3,220,110
ORD-0444,2026-02-19,Travel Mug,Home,Oujda,2,120,45
ORD-0445,2026-01-20,Winter Jacket,Clothing,Rabat,1,650,390
ORD-0446,2026-07-17,Wireless Mouse,Electronics,Nador,3,180,100
ORD-0447,2026-02-03,Wireless Mouse,Electronics,Casablanca,2,180,100
ORD-0448,2026-02-16,Winter Jacket,Clothing,Oujda,4,650,390
ORD-0449,2026-04-16,Everyday Tee,Clothing,Rabat,2,150,65
ORD-0450,2026-06-06,Travel Mug,Home,Rabat,4,120,45
ORD-0451,2026-05-17,Winter Jacket,Clothing,Oujda,3,650,390
ORD-0452,2026-08-20,Travel Mug,Home,Oujda,3,120,45
ORD-0453,2026-08-31,Keyboard,Electronics,Casablanca,4,350,230
ORD-0454,2026-07-19,Desk Lamp,Home,Casablanca,5,220,110
ORD-0455,2026-04-18,Wireless Mouse,Electronics,Oujda,2,180,100
ORD-0456,2026-02-05,Wireless Mouse,Electronics,Rabat,1,180,100
ORD-0457,2026-05-04,Keyboard,Electronics,Rabat,5,350,230
ORD-0458,2026-07-02,Everyday Tee,Clothing,Nador,3,150,65
ORD-0459,2026-07-15,Everyday Tee,Clothing,Oujda,3,150,65
ORD-0460,2026-08-20,Travel Mug,Home,Oujda,4,120,45
ORD-0461,2026-08-31,Everyday Tee,Clothing,Oujda,4,150,65
ORD-0462,2026-08-27,Desk Lamp,Home,Nador,4,220,110
ORD-0463,2026-04-12,Everyday Tee,Clothing,Rabat,2,150,65
ORD-0464,2026-01-21,Travel Mug,Home,Rabat,2,120,45
ORD-0465,2026-03-23,Everyday Tee,Clothing,Nador,3,150,65
ORD-0466,2026-02-05,Winter Jacket,Clothing,Nador,3,650,390
ORD-0467,2026-06-28,Travel Mug,Home,Oujda,4,120,45
ORD-0468,2026-06-07,Travel Mug,Home,Nador,1,120,45
ORD-0469,2026-03-07,Everyday Tee,Clothing,Oujda,2,150,65
ORD-0470,2026-08-29,Wireless Mouse,Electronics,Casablanca,1,180,100
ORD-0471,2026-03-02,Desk Lamp,Home,Rabat,1,220,110
ORD-0472,2026-03-03,Everyday Tee,Clothing,Casablanca,5,150,65
ORD-0473,2026-01-17,Travel Mug,Home,Nador,4,120,45
ORD-0474,2026-05-18,Wireless Mouse,Electronics,Nador,5,180,100
ORD-0475,2026-03-03,Wireless Mouse,Electronics,Oujda,3,180,100
ORD-0476,2026-01-01,Travel Mug,Home,Rabat,2,120,45
ORD-0477,2026-04-17,Wireless Mouse,Electronics,Oujda,1,180,100
ORD-0478,2026-04-03,Wireless Mouse,Electronics,Nador,5,180,100
ORD-0479,2026-05-10,Wireless Mouse,Electronics,Nador,4,180,100
ORD-0480,2026-01-12,Travel Mug,Home,Casablanca,3,120,45
ORD-0481,2026-07-11,Desk Lamp,Home,Nador,3,220,110
ORD-0482,2026-03-30,Everyday Tee,Clothing,Oujda,1,150,65
ORD-0483,2026-07-08,Wireless Mouse,Electronics,Rabat,2,180,100
ORD-0484,2026-04-01,Everyday Tee,Clothing,Rabat,2,150,65
ORD-0485,2026-04-29,Keyboard,Electronics,Casablanca,2,350,230
ORD-0486,2026-01-17,Winter Jacket,Clothing,Casablanca,1,650,390
ORD-0487,2026-02-21,Desk Lamp,Home,Nador,2,220,110
ORD-0488,2026-03-22,Everyday Tee,Clothing,Rabat,5,150,65
ORD-0489,2026-07-28,Travel Mug,Home,Casablanca,3,120,45
ORD-0490,2026-07-12,Everyday Tee,Clothing,Oujda,3,150,65
ORD-0491,2026-08-09,Desk Lamp,Home,Nador,3,220,110
ORD-0492,2026-02-01,Desk Lamp,Home,Rabat,4,220,110
ORD-0493,2026-07-10,Travel Mug,Home,Casablanca,4,120,45
ORD-0494,2026-02-17,Desk Lamp,Home,Casablanca,4,220,110
ORD-0495,2026-08-25,Desk Lamp,Home,Rabat,1,220,110
ORD-0496,2026-04-19,Keyboard,Electronics,Nador,4,350,230
ORD-0497,2026-07-30,Wireless Mouse,Electronics,Oujda,5,180,100
ORD-0498,2026-03-24,Desk Lamp,Home,Nador,1,220,110
ORD-0499,2026-06-19,Desk Lamp,Home,Rabat,3,220,110
ORD-0500,2026-06-04,Travel Mug,Home,Casablanca,2,120,45
ORD-0501,2026-04-24,Keyboard,Electronics,Rabat,4,350,230
ORD-0502,2026-07-06,Everyday Tee,Clothing,Rabat,5,150,65
ORD-0503,2026-03-12,Travel Mug,Home,Nador,1,120,45
ORD-0504,2026-06-13,Keyboard,Electronics,Casablanca,3,350,230
ORD-0505,2026-07-25,Wireless Mouse,Electronics,Oujda,1,180,100
ORD-0506,2026-08-06,Winter Jacket,Clothing,Casablanca,1,650,390
ORD-0507,2026-01-18,Winter Jacket,Clothing,Oujda,3,650,390
ORD-0508,2026-04-09,Desk Lamp,Home,Nador,5,220,110
ORD-0509,2026-06-23,Winter Jacket,Clothing,Casablanca,3,650,390
ORD-0510,2026-04-24,Desk Lamp,Home,Nador,5,220,110
ORD-0511,2026-05-16,Winter Jacket,Clothing,Rabat,4,650,390
ORD-0512,2026-06-16,Desk Lamp,Home,Rabat,2,220,110
ORD-0513,2026-01-07,Everyday Tee,Clothing,Oujda,4,150,65
ORD-0514,2026-04-10,Wireless Mouse,Electronics,Nador,3,180,100
ORD-0515,2026-06-30,Desk Lamp,Home,Casablanca,2,220,110
ORD-0516,2026-03-15,Wireless Mouse,Electronics,Casablanca,2,180,100
ORD-0517,2026-02-04,Everyday Tee,Clothing,Nador,4,150,65
ORD-0518,2026-08-19,Winter Jacket,Clothing,Casablanca,1,650,390
ORD-0519,2026-08-05,Keyboard,Electronics,Rabat,3,350,230
ORD-0520,2026-01-17,Keyboard,Electronics,Rabat,3,350,230
ORD-0521,2026-07-02,Winter Jacket,Clothing,Oujda,3,650,390
ORD-0522,2026-02-27,Wireless Mouse,Electronics,Nador,2,180,100
ORD-0523,2026-03-02,Winter Jacket,Clothing,Casablanca,1,650,390
ORD-0524,2026-05-22,Desk Lamp,Home,Rabat,4,220,110
ORD-0525,2026-02-03,Wireless Mouse,Electronics,Nador,1,180,100
ORD-0526,2026-04-12,Desk Lamp,Home,Casablanca,5,220,110
ORD-0527,2026-07-16,Travel Mug,Home,Casablanca,5,120,45
ORD-0528,2026-02-02,Everyday Tee,Clothing,Rabat,1,150,65
ORD-0529,2026-04-30,Travel Mug,Home,Rabat,2,120,45
ORD-0530,2026-06-13,Wireless Mouse,Electronics,Oujda,2,180,100
ORD-0531,2026-05-09,Travel Mug,Home,Nador,1,120,45
ORD-0532,2026-02-09,Wireless Mouse,Electronics,Rabat,2,180,100
ORD-0533,2026-03-24,Winter Jacket,Clothing,Oujda,3,650,390
ORD-0534,2026-08-18,Wireless Mouse,Electronics,Rabat,1,180,100
ORD-0535,2026-02-20,Desk Lamp,Home,Rabat,2,220,110
ORD-0536,2026-03-19,Keyboard,Electronics,Nador,5,350,230
ORD-0537,2026-02-13,Keyboard,Electronics,Oujda,2,350,230
ORD-0538,2026-06-09,Keyboard,Electronics,Rabat,5,350,230
ORD-0539,2026-07-31,Everyday Tee,Clothing,Nador,1,150,65
ORD-0540,2026-08-31,Everyday Tee,Clothing,Rabat,2,150,65
ORD-0541,2026-04-17,Wireless Mouse,Electronics,Nador,4,180,100
ORD-0542,2026-05-20,Keyboard,Electronics,Rabat,3,350,230
ORD-0543,2026-03-04,Travel Mug,Home,Casablanca,3,120,45
ORD-0544,2026-01-19,Travel Mug,Home,Nador,2,120,45
ORD-0545,2026-04-17,Travel Mug,Home,Casablanca,4,120,45
ORD-0546,2026-03-29,Winter Jacket,Clothing,Oujda,3,650,390
ORD-0547,2026-03-23,Keyboard,Electronics,Rabat,4,350,230
ORD-0548,2026-07-14,Winter Jacket,Clothing,Rabat,5,650,390
ORD-0549,2026-01-28,Wireless Mouse,Electronics,Rabat,2,180,100
ORD-0550,2026-02-01,Travel Mug,Home,Rabat,4,120,45
ORD-0551,2026-02-06,Winter Jacket,Clothing,Nador,1,650,390
ORD-0552,2026-08-31,Desk Lamp,Home,Casablanca,5,220,110
ORD-0553,2026-03-05,Travel Mug,Home,Oujda,3,120,45
ORD-0554,2026-07-04,Wireless Mouse,Electronics,Rabat,2,180,100
ORD-0555,2026-05-08,Winter Jacket,Clothing,Casablanca,4,650,390
ORD-0556,2026-05-08,Desk Lamp,Home,Nador,1,220,110
ORD-0557,2026-05-10,Travel Mug,Home,Casablanca,2,120,45
ORD-0558,2026-05-30,Winter Jacket,Clothing,Rabat,1,650,390
ORD-0559,2026-03-14,Everyday Tee,Clothing,Casablanca,5,150,65
ORD-0560,2026-06-22,Keyboard,Electronics,Casablanca,3,350,230
ORD-0561,2026-01-03,Wireless Mouse,Electronics,Nador,4,180,100
ORD-0562,2026-08-14,Winter Jacket,Clothing,Rabat,3,650,390
ORD-0563,2026-04-04,Travel Mug,Home,Nador,4,120,45
ORD-0564,2026-05-26,Everyday Tee,Clothing,Oujda,3,150,65
ORD-0565,2026-03-15,Wireless Mouse,Electronics,Nador,4,180,100
ORD-0566,2026-04-26,Wireless Mouse,Electronics,Rabat,5,180,100
ORD-0567,2026-06-06,Keyboard,Electronics,Nador,2,350,230
ORD-0568,2026-04-11,Everyday Tee,Clothing,Rabat,3,150,65
ORD-0569,2026-08-29,Wireless Mouse,Electronics,Rabat,2,180,100
ORD-0570,2026-06-04,Winter Jacket,Clothing,Casablanca,5,650,390
ORD-0571,2026-01-12,Everyday Tee,Clothing,Nador,2,150,65
ORD-0572,2026-03-27,Keyboard,Electronics,Casablanca,5,350,230
ORD-0573,2026-02-08,Travel Mug,Home,Oujda,3,120,45
ORD-0574,2026-03-23,Wireless Mouse,Electronics,Oujda,4,180,100
ORD-0575,2026-07-09,Wireless Mouse,Electronics,Rabat,5,180,100
ORD-0576,2026-05-10,Desk Lamp,Home,Casablanca,5,220,110
ORD-0577,2026-05-02,Desk Lamp,Home,Nador,3,220,110
ORD-0578,2026-06-22,Desk Lamp,Home,Nador,4,220,110
ORD-0579,2026-03-20,Wireless Mouse,Electronics,Nador,5,180,100
ORD-0580,2026-03-09,Travel Mug,Home,Oujda,1,120,45
ORD-0581,2026-05-03,Wireless Mouse,Electronics,Oujda,5,180,100
ORD-0582,2026-07-04,Keyboard,Electronics,Casablanca,2,350,230
ORD-0583,2026-03-04,Keyboard,Electronics,Nador,5,350,230
ORD-0584,2026-01-29,Keyboard,Electronics,Oujda,1,350,230
ORD-0585,2026-03-22,Travel Mug,Home,Casablanca,2,120,45
ORD-0586,2026-06-26,Travel Mug,Home,Oujda,4,120,45
ORD-0587,2026-07-18,Wireless Mouse,Electronics,Casablanca,1,180,100
ORD-0588,2026-02-05,Keyboard,Electronics,Oujda,5,350,230
ORD-0589,2026-06-19,Desk Lamp,Home,Casablanca,5,220,110
ORD-0590,2026-03-22,Travel Mug,Home,Oujda,4,120,45
ORD-0591,2026-03-29,Wireless Mouse,Electronics,Rabat,3,180,100
ORD-0592,2026-05-04,Wireless Mouse,Electronics,Oujda,2,180,100
ORD-0593,2026-05-23,Desk Lamp,Home,Rabat,2,220,110
ORD-0594,2026-07-17,Desk Lamp,Home,Rabat,2,220,110
ORD-0595,2026-06-30,Keyboard,Electronics,Casablanca,3,350,230
ORD-0596,2026-03-31,Travel Mug,Home,Rabat,3,120,45
ORD-0597,2026-05-27,Everyday Tee,Clothing,Casablanca,4,150,65
ORD-0598,2026-07-17,Desk Lamp,Home,Oujda,3,220,110
ORD-0599,2026-03-15,Everyday Tee,Clothing,Nador,3,150,65
ORD-0600,2026-06-17,Travel Mug,Home,Rabat,4,120,45
ORD-0601,2026-02-21,Winter Jacket,Clothing,Rabat,5,650,390
ORD-0602,2026-03-11,Keyboard,Electronics,Oujda,1,350,230
ORD-0603,2026-07-09,Wireless Mouse,Electronics,Oujda,2,180,100
ORD-0604,2026-06-21,Everyday Tee,Clothing,Oujda,2,150,65
ORD-0605,2026-01-26,Everyday Tee,Clothing,Casablanca,3,150,65
ORD-0606,2026-05-01,Keyboard,Electronics,Nador,2,350,230
ORD-0607,2026-05-21,Everyday Tee,Clothing,Oujda,4,150,65
ORD-0608,2026-08-28,Keyboard,Electronics,Casablanca,4,350,230
ORD-0609,2026-02-21,Keyboard,Electronics,Rabat,3,350,230
ORD-0610,2026-06-15,Desk Lamp,Home,Nador,1,220,110
ORD-0611,2026-05-27,Keyboard,Electronics,Oujda,5,350,230
ORD-0612,2026-07-05,Keyboard,Electronics,Nador,2,350,230
ORD-0613,2026-08-14,Travel Mug,Home,Oujda,1,120,45
ORD-0614,2026-07-21,Travel Mug,Home,Casablanca,2,120,45
ORD-0615,2026-08-12,Keyboard,Electronics,Rabat,1,350,230
ORD-0616,2026-03-18,Everyday Tee,Clothing,Nador,3,150,65
ORD-0617,2026-04-27,Desk Lamp,Home,Casablanca,2,220,110
ORD-0618,2026-04-30,Wireless Mouse,Electronics,Rabat,2,180,100
ORD-0619,2026-03-26,Everyday Tee,Clothing,Oujda,4,150,65
ORD-0620,2026-03-07,Keyboard,Electronics,Oujda,1,350,230
ORD-0621,2026-03-28,Keyboard,Electronics,Rabat,5,350,230
ORD-0622,2026-07-13,Keyboard,Electronics,Oujda,2,350,230
ORD-0623,2026-08-08,Wireless Mouse,Electronics,Casablanca,4,180,100
ORD-0624,2026-03-25,Wireless Mouse,Electronics,Nador,4,180,100
ORD-0625,2026-01-25,Keyboard,Electronics,Oujda,2,350,230
ORD-0626,2026-03-24,Travel Mug,Home,Oujda,1,120,45
ORD-0627,2026-04-09,Desk Lamp,Home,Oujda,4,220,110
ORD-0628,2026-03-26,Desk Lamp,Home,Rabat,5,220,110
ORD-0629,2026-05-27,Keyboard,Electronics,Nador,3,350,230
ORD-0630,2026-04-03,Keyboard,Electronics,Oujda,1,350,230
ORD-0631,2026-01-31,Keyboard,Electronics,Casablanca,3,350,230
ORD-0632,2026-04-14,Winter Jacket,Clothing,Rabat,1,650,390
ORD-0633,2026-08-23,Keyboard,Electronics,Rabat,3,350,230
ORD-0634,2026-02-26,Wireless Mouse,Electronics,Oujda,2,180,100
ORD-0635,2026-02-09,Travel Mug,Home,Casablanca,5,120,45
ORD-0636,2026-04-17,Desk Lamp,Home,Casablanca,5,220,110
ORD-0637,2026-07-31,Keyboard,Electronics,Oujda,2,350,230
ORD-0638,2026-07-13,Keyboard,Electronics,Nador,5,350,230
ORD-0639,2026-05-16,Travel Mug,Home,Rabat,1,120,45
ORD-0640,2026-01-29,Wireless Mouse,Electronics,Nador,5,180,100
ORD-0641,2026-02-21,Wireless Mouse,Electronics,Oujda,2,180,100
ORD-0642,2026-08-07,Desk Lamp,Home,Casablanca,1,220,110
ORD-0643,2026-02-22,Keyboard,Electronics,Casablanca,1,350,230
ORD-0644,2026-04-25,Wireless Mouse,Electronics,Nador,4,180,100
ORD-0645,2026-05-12,Winter Jacket,Clothing,Casablanca,4,650,390
ORD-0646,2026-01-15,Wireless Mouse,Electronics,Casablanca,3,180,100
ORD-0647,2026-01-06,Keyboard,Electronics,Casablanca,3,350,230
ORD-0648,2026-07-10,Everyday Tee,Clothing,Oujda,5,150,65
ORD-0649,2026-01-12,Everyday Tee,Clothing,Casablanca,3,150,65
ORD-0650,2026-01-17,Keyboard,Electronics,Nador,1,350,230
ORD-0651,2026-01-09,Travel Mug,Home,Rabat,4,120,45
ORD-0652,2026-07-16,Winter Jacket,Clothing,Oujda,4,650,390
ORD-0653,2026-08-17,Desk Lamp,Home,Casablanca,4,220,110
ORD-0654,2026-04-07,Travel Mug,Home,Nador,5,120,45
ORD-0655,2026-06-17,Winter Jacket,Clothing,Rabat,1,650,390
ORD-0656,2026-05-18,Winter Jacket,Clothing,Casablanca,5,650,390
ORD-0657,2026-07-06,Winter Jacket,Clothing,Oujda,1,650,390
ORD-0658,2026-03-18,Everyday Tee,Clothing,Casablanca,5,150,65
ORD-0659,2026-05-17,Travel Mug,Home,Casablanca,2,120,45
ORD-0660,2026-04-28,Winter Jacket,Clothing,Rabat,2,650,390
ORD-0661,2026-02-18,Desk Lamp,Home,Nador,1,220,110
ORD-0662,2026-04-18,Keyboard,Electronics,Nador,2,350,230
ORD-0663,2026-01-18,Winter Jacket,Clothing,Nador,5,650,390
ORD-0664,2026-04-25,Everyday Tee,Clothing,Nador,2,150,65
ORD-0665,2026-01-12,Keyboard,Electronics,Casablanca,4,350,230
ORD-0666,2026-05-19,Winter Jacket,Clothing,Oujda,1,650,390
ORD-0667,2026-05-09,Winter Jacket,Clothing,Rabat,2,650,390
ORD-0668,2026-05-28,Keyboard,Electronics,Rabat,5,350,230
ORD-0669,2026-07-17,Wireless Mouse,Electronics,Rabat,2,180,100
ORD-0670,2026-08-13,Desk Lamp,Home,Oujda,5,220,110
ORD-0671,2026-04-16,Winter Jacket,Clothing,Rabat,3,650,390
ORD-0672,2026-05-23,Everyday Tee,Clothing,Oujda,4,150,65
ORD-0673,2026-05-07,Wireless Mouse,Electronics,Nador,3,180,100
ORD-0674,2026-06-21,Keyboard,Electronics,Casablanca,5,350,230
ORD-0675,2026-06-28,Desk Lamp,Home,Casablanca,4,220,110
ORD-0676,2026-03-18,Winter Jacket,Clothing,Casablanca,2,650,390
ORD-0677,2026-05-02,Wireless Mouse,Electronics,Oujda,2,180,100
ORD-0678,2026-08-08,Desk Lamp,Home,Oujda,4,220,110
ORD-0679,2026-05-24,Everyday Tee,Clothing,Casablanca,4,150,65
ORD-0680,2026-05-16,Wireless Mouse,Electronics,Oujda,4,180,100
ORD-0681,2026-03-07,Winter Jacket,Clothing,Oujda,3,650,390
ORD-0682,2026-01-21,Keyboard,Electronics,Casablanca,3,350,230
ORD-0683,2026-05-18,Everyday Tee,Clothing,Oujda,1,150,65
ORD-0684,2026-04-07,Desk Lamp,Home,Nador,1,220,110
ORD-0685,2026-07-25,Winter Jacket,Clothing,Oujda,4,650,390
ORD-0686,2026-08-11,Winter Jacket,Clothing,Rabat,3,650,390
ORD-0687,2026-02-24,Everyday Tee,Clothing,Oujda,1,150,65
ORD-0688,2026-07-13,Keyboard,Electronics,Casablanca,2,350,230
ORD-0689,2026-06-04,Keyboard,Electronics,Oujda,4,350,230
ORD-0690,2026-05-22,Winter Jacket,Clothing,Rabat,3,650,390
ORD-0691,2026-04-30,Travel Mug,Home,Rabat,3,120,45
ORD-0692,2026-04-03,Desk Lamp,Home,Casablanca,4,220,110
ORD-0693,2026-07-25,Everyday Tee,Clothing,Casablanca,3,150,65
ORD-0694,2026-04-05,Winter Jacket,Clothing,Rabat,4,650,390
ORD-0695,2026-05-25,Everyday Tee,Clothing,Oujda,2,150,65
ORD-0696,2026-03-08,Everyday Tee,Clothing,Casablanca,3,150,65
ORD-0697,2026-02-20,Winter Jacket,Clothing,Rabat,2,650,390
ORD-0698,2026-05-26,Travel Mug,Home,Oujda,4,120,45
ORD-0699,2026-06-17,Wireless Mouse,Electronics,Rabat,3,180,100
ORD-0700,2026-07-05,Travel Mug,Home,Casablanca,4,120,45
ORD-0701,2026-07-07,Winter Jacket,Clothing,Rabat,2,650,390
ORD-0702,2026-07-04,Winter Jacket,Clothing,Casablanca,2,650,390
ORD-0703,2026-06-14,Wireless Mouse,Electronics,Nador,5,180,100
ORD-0704,2026-08-03,Everyday Tee,Clothing,Nador,1,150,65
ORD-0705,2026-04-16,Everyday Tee,Clothing,Oujda,2,150,65
ORD-0706,2026-07-01,Everyday Tee,Clothing,Oujda,1,150,65
ORD-0707,2026-05-10,Winter Jacket,Clothing,Casablanca,3,650,390
ORD-0708,2026-06-08,Everyday Tee,Clothing,Casablanca,4,150,65
ORD-0709,2026-01-02,Everyday Tee,Clothing,Casablanca,1,150,65
ORD-0710,2026-05-16,Everyday Tee,Clothing,Rabat,5,150,65
ORD-0711,2026-01-05,Desk Lamp,Home,Casablanca,2,220,110
ORD-0712,2026-08-24,Everyday Tee,Clothing,Nador,5,150,65
ORD-0713,2026-03-03,Winter Jacket,Clothing,Oujda,5,650,390
ORD-0714,2026-03-06,Wireless Mouse,Electronics,Rabat,3,180,100
ORD-0715,2026-01-21,Travel Mug,Home,Rabat,4,120,45
ORD-0716,2026-05-25,Travel Mug,Home,Oujda,2,120,45
ORD-0717,2026-06-25,Desk Lamp,Home,Nador,1,220,110
ORD-0718,2026-04-14,Everyday Tee,Clothing,Casablanca,4,150,65
ORD-0719,2026-05-02,Wireless Mouse,Electronics,Nador,1,180,100
ORD-0720,2026-02-13,Keyboard,Electronics,Nador,4,350,230
